rank,peptidoform,source,display_rank,class_definition,feature_type,n_pairs,pair_auroc,point_biserial_r,point_biserial_p,mean_score_same,mean_score_diff,within_shared_rate,between_shared_rate,enrichment,weighted_score,rarity_weight,mean_abs_log_diff_same,mean_abs_log_diff_diff
1,.VF-33.984DEFKPLVEEPQNLIK.,RF,3,"same_patient_pair=1, different_patient_pair=0",log_intensity,56280,0.8264352046055927,0.12041143693099321,9.181545836956554e-181,-0.028603900990526787,-0.154572921814196,,,,,,0.028603900990526787,0.154572921814196
2,.SDVVYTDW+15.995KK.,RF,19,"same_patient_pair=1, different_patient_pair=0",log_intensity,56280,0.8152784933350725,0.13011858494189127,5.4338573661798286e-211,-0.028415578555364644,-0.12694320386563393,,,,,,0.028415578555364644,0.12694320386563393
3,.YSQK-14.052FQGR.,RF,49,"same_patient_pair=1, different_patient_pair=0",log_intensity,56280,0.8130545178019706,0.12269991671111892,1.1318224458553829e-187,-0.02371834466888974,-0.08813440617166954,,,,,,0.02371834466888974,0.08813440617166954
4,.AGVETT-14.016TPSK.,RF,43,"same_patient_pair=1, different_patient_pair=0",log_intensity,56280,0.8095277783251987,0.1190990963738599,7.323683359862222e-177,-0.018713184637948473,-0.05960246470538257,,,,,,0.018713184637948473,0.05960246470538257
5,.VSN+0.984RDSGVPDR.,RF,11,"same_patient_pair=1, different_patient_pair=0",log_intensity,56280,0.7993617815452847,0.13421262434868084,1.826309721205741e-224,-0.020980426320348872,-0.18459311679005894,,,,,,0.020980426320348872,0.18459311679005894
6,.SSQSLLHSD-0.984GK.,RF,47,"same_patient_pair=1, different_patient_pair=0",log_intensity,56280,0.7991679359010815,0.1251084245485083,4.342794439037088e-195,-0.048797595315632866,-0.19367393405164524,,,,,,0.048797595315632866,0.19367393405164524
7,.VDNALQSGNSQESVTEQDS+14.016K.,RF,39,"same_patient_pair=1, different_patient_pair=0",log_intensity,56280,0.7965028368914127,0.12858346215921465,4.7438049113033986e-206,-0.02569033240815792,-0.11385605554882505,,,,,,0.02569033240815792,0.11385605554882505
8,.AGVETTTPS-15.995K.,RF,9,"same_patient_pair=1, different_patient_pair=0",log_intensity,56280,0.7937681079007223,0.13268015281847095,2.267132807469153e-219,-0.022287643952294968,-0.1529950104127483,,,,,,0.022287643952294968,0.1529950104127483
9,.L-14.016TFGGGTK.,RF,13,"same_patient_pair=1, different_patient_pair=0",log_intensity,56280,0.7898387696919023,0.12575163800571465,4.286986223880811e-197,-0.02324844101925759,-0.23697641641775818,,,,,,0.02324844101925759,0.23697641641775818
10,.LRTEGDGVYTLNNEK+57.021QWINK.,RF,37,"same_patient_pair=1, different_patient_pair=0",log_intensity,56280,0.7832616055572916,0.1258885367398131,1.5992569548108033e-197,-0.028060595067241505,-0.12569937085464544,,,,,,0.028060595067241505,0.12569937085464544
11,.AGVE-0.984TTTPSK.,RF,41,"same_patient_pair=1, different_patient_pair=0",log_intensity,56280,0.7658561435794256,0.12462059769469827,1.4184426819441684e-193,-0.02238392255852371,-0.1329507871109735,,,,,,0.02238392255852371,0.1329507871109735
12,.D-0.984DNPNLPR.,RF,29,"same_patient_pair=1, different_patient_pair=0",log_intensity,56280,0.762114873769437,0.12795296723801802,4.874655927190086e-204,-0.018633117844551423,-0.14456000098650226,,,,,,0.018633117844551423,0.14456000098650226
13,.AIQLTYNPD+37.956ESSKPNMIDAATLK.,RF,21,"same_patient_pair=1, different_patient_pair=0",log_intensity,56280,0.7597698497939664,0.1259136729729758,1.3342502188277701e-197,-0.021819977572141325,-0.13849708598446275,,,,,,0.021819977572141325,0.13849708598446275
14,.P-10.021GQAPVLVVYDDSDRPSGIPER.,SAAP,6,"same_patient_pair=1, different_patient_pair=0",saap_detection,56280,0.638516642689632,0.07151016103442931,1.0423111654572754e-64,0.685064935064935,0.4080316496856709,0.685064935064935,0.4080316496856709,0.2770332853792641,1.023720442140209,3.6952976272822786,,
15,.EVQ-14.975LVESGGGLVKPGGSLR.,SAAP,2,"same_patient_pair=1, different_patient_pair=0",saap_detection,56280,0.6379188590872961,0.08103086468237153,1.2936480685794145e-82,0.5205627705627706,0.24472505238817835,0.5205627705627706,0.2447250523881783,0.2758377181745922,1.0241911624627569,3.713020718270633,,
16,.TLIYDTS+27.011NK.,SAAP,4,"same_patient_pair=1, different_patient_pair=0",saap_detection,56280,0.6378654855513732,0.07676478675658918,2.5898351701666038e-74,0.5670995670995671,0.2913685959968206,0.5670995670995671,0.2913685959968206,0.2757309711027465,1.023794808373379,3.713020718270633,,
17,.SGQAPVLVIYEDS+14.016K.,SAAP,12,"same_patient_pair=1, different_patient_pair=0",saap_detection,56280,0.6371593126145478,0.09065647606852398,5.213883131014542e-103,0.45021645021645024,0.17589782498735457,0.4502164502164502,0.1758978249873545,0.2743186252290956,0.9979204036627172,3.637814978218521,,
18,.LLI+17.956YDASNR.,SAAP,10,"same_patient_pair=1, different_patient_pair=0",saap_detection,56280,0.6356911298110084,0.07319446793377546,1.032250146209504e-67,0.5995670995670995,0.32818483994508274,0.5995670995670995,0.3281848399450827,0.2713822596220168,1.0053235525814588,3.704455678059726,,
19,.L-14.016LIYWASTR.,SAAP,36,"same_patient_pair=1, different_patient_pair=0",saap_detection,56280,0.6354291889193255,0.07720488939321703,3.782405663101163e-75,0.54004329004329,0.2691849122046391,0.54004329004329,0.2691849122046391,0.2708583778386509,0.9527322882097652,3.5174554902536683,,
20,.K+28.006AVMDDFAAFVEK.,SAAP,22,"same_patient_pair=1, different_patient_pair=0",saap_detection,56280,0.6338279828416398,0.07182384312962627,2.9094976777755058e-65,0.6028138528138528,0.33515788713057304,0.6028138528138528,0.335157887130573,0.2676559656832797,0.9836848799462664,3.675183840700459,,
21,.DIQMTQSPS+10.021SLSASVGDR.,SAAP,14,"same_patient_pair=1, different_patient_pair=0",saap_detection,56280,0.633774609305717,0.07923420026006278,4.603404047872555e-79,0.5064935064935064,0.2389442878820724,0.5064935064935064,0.2389442878820724,0.267549218611434,0.9934157918613732,3.713020718270633,,
22,.LLI-14.016YGASTR.,SAAP,20,"same_patient_pair=1, different_patient_pair=0",saap_detection,56280,0.6332244513200507,0.07890834374486003,1.9887072534460893e-78,0.5054112554112554,0.238962352771154,0.5054112554112554,0.238962352771154,0.2664489026401014,0.9845723794093046,3.695163949461592,,
23,.LLIYGA+28.031SSR.,SAAP,50,"same_patient_pair=1, different_patient_pair=0",saap_detection,56280,0.6327169921631227,0.07960050542828292,8.821750314604945e-80,0.49567099567099565,0.23023701134475033,0.4956709956709956,0.2302370113447503,0.2654339843262453,0.9382535793482732,3.534790700331214,,
24,.LVRPEVDVMC+57.021TAF-33.984HDNEETFLKK.,SAAP,8,"same_patient_pair=1, different_patient_pair=0",saap_detection,56280,0.6314746204731031,0.08418850104491393,4.7418621763805295e-89,0.45454545454545453,0.1915962135992485,0.4545454545454545,0.1915962135992485,0.262949240946206,1.0079777248459914,3.8333547616218553,,
25,.LV+29.974ESGGGVVQPGR.,SAAP,16,"same_patient_pair=1, different_patient_pair=0",saap_detection,56280,0.6298742355267393,0.08233096948566901,3.104561715220973e-85,0.45670995670995673,0.19696148565647806,0.4567099567099567,0.196961485656478,0.2597484710534786,0.9922826116590764,3.820167285815434,,
26,.EIVLT-30.011QSPGTLSLSPGER.,SAAP,18,"same_patient_pair=1, different_patient_pair=0",saap_detection,56280,0.6290489985482398,0.07140819324018309,1.5762270362333862e-64,0.5562770562770563,0.29817905918057663,0.5562770562770563,0.2981790591805766,0.2580979970964796,0.9863027221657268,3.8214272612004687,,
27,.ASGVPDRFSGSGSG+58.005TDFTLK.,SAAP,32,"same_patient_pair=1, different_patient_pair=0",saap_detection,56280,0.6286055876344192,0.0948532405944416,1.2610623495877265e-112,0.3906926406926407,0.1334814654238023,0.3906926406926407,0.1334814654238023,0.2572111752688384,0.955030422743936,3.713020718270633,,
28,.LLIY-76.031DASNLETGVPSR.,SAAP,48,"same_patient_pair=1, different_patient_pair=0",saap_detection,56280,0.6285661733309684,0.0755359220838539,5.257173067736387e-72,0.5021645021645021,0.2450321555025652,0.5021645021645021,0.2450321555025652,0.2571323466619369,0.93930678192422,3.713020718270633,,
29,.EVQLVQSGAEV+31.972K.,SAAP,24,"same_patient_pair=1, different_patient_pair=0",saap_detection,56280,0.6284922715119985,0.06719447949983984,2.4862508613951492e-57,0.6352813852813853,0.3782968422573885,0.6352813852813853,0.3782968422573885,0.2569845430239968,0.982055391736512,3.8214570424370207,,
30,.YVL-14.016TQPPSVSVAPGQTAR.,SAAP,44,"same_patient_pair=1, different_patient_pair=0",saap_detection,56280,0.6270125928699526,0.07554020441180007,5.161503378421446e-72,0.4902597402597403,0.23623455451983524,0.4902597402597403,0.2362345545198352,0.254025185739905,0.9426469969542104,3.7108406956126823,,
31,.SKT-30.011DGGTTDYAAPVK.,SAAP,46,"same_patient_pair=1, different_patient_pair=0",saap_detection,56280,0.6267736436552827,0.07478247070921365,1.309240394965677e-70,0.49567099567099565,0.24212370836043068,0.4956709956709956,0.2421237083604306,0.253547287310565,0.9414263308454434,3.713020718270629,,
32,.LE-0.984TGVPSR.,SAAP,38,"same_patient_pair=1, different_patient_pair=0",saap_detection,56280,0.6257069940681473,0.09884626021333826,3.47837442899153e-122,0.3658008658008658,0.11438687766457115,0.3658008658008658,0.1143868776645711,0.2514139881362947,0.9469661837957926,3.766561243531248,,
33,.DS+14.016NRPSGIPER.,SAAP,30,"same_patient_pair=1, different_patient_pair=0",saap_detection,56280,0.625029560727588,0.06504124259576013,8.02589320487487e-54,0.6396103896103896,0.3895512681552135,0.6396103896103896,0.3895512681552135,0.2500591214551761,0.9555864674904756,3.8214421530780567,,
34,.LVRPEVDVMC+57.021TAF-33.984HDNEETFLK.,SAAP,26,"same_patient_pair=1, different_patient_pair=0",saap_detection,56280,0.6247626930479737,0.06440959077343743,8.168713723153209e-53,0.658008658008658,0.40848327191271044,0.658008658008658,0.4084832719127104,0.2495253860959476,0.9565193269364326,3.8333547616218553,,
35,.EFNAETFTF-33.984HADIC+57.021TLSEK.,SAAP,34,"same_patient_pair=1, different_patient_pair=0",saap_detection,56280,0.624476939347956,0.06332168972541258,4.2131604949296934e-51,0.7251082251082251,0.476154346412313,0.7251082251082251,0.476154346412313,0.2489538786959121,0.9543285363232044,3.8333547616218553,,
36,.VSWYQQP-10.021PGTAPK.,SAAP,40,"same_patient_pair=1, different_patient_pair=0",saap_detection,56280,0.6243636232255352,0.08765477033534556,2.113871090345725e-96,0.39826839826839827,0.14954115181732786,0.3982683982683982,0.1495411518173278,0.2487272464510704,0.9465607438409072,3.8056174277115815,,
37,.RPC+57.021FSA+30.011LEVDETYVPK.,SAAP,28,"same_patient_pair=1, different_patient_pair=0",saap_detection,56280,0.6236623770766412,0.0638415451525583,6.4557481850639756e-52,0.6558441558441559,0.40851940169087364,0.6558441558441559,0.4085194016908736,0.2473247541532822,0.9555954065906664,3.863727308098022,,
38,.LVNEV-28.031TEFAK.,SAAP,42,"same_patient_pair=1, different_patient_pair=0",saap_detection,56280,0.6213508924055207,0.09997179388082128,5.949720917116494e-125,0.34523809523809523,0.10253631042705398,0.3452380952380952,0.1025363104270539,0.2427017848110412,0.9446035526205326,3.892033811601206,,
