display_rank,peptidoform,unmod_peptidoform,proteins,annotation,annotation_wo_pos,pvalue,charge,primary_protein,candidate_proteins,n_candidate_proteins,unique_protein_mapping,n_detected_samples,detection_rate,missing_rate,n_patients_detected,patient_detection_rate,median_log_intensity,mean_log_intensity,rf_rank,rf_total_importance,rf_abundance_importance,rf_missingness_importance,saap_rank,saap_weighted_score,within_shared_rate,between_shared_rate,enrichment,rarity_weight,dbsnp_frequency,dbsnp_freq_available,source,combined_rank
1,.-18.011EPQVYTLPPSRDELTK,,,,,,,,,0,False,0,0.0,1.0,0,0.0,,,1.0,0.019453408386428464,0.0,0.019453408386428464,,,,,,,,,RF,1.0
2,.EVQ-14.975LVESGGGLVKPGGSLR.,.EVQLVESGGGLVKPGGSLR.,sp|A0A0B4J1V0|HV315_HUMAN;sp|A0A0B4J1V1|HV321_HUMAN,"Q-15,3[Q->IL/1]",Q-15[Q->IL/1],30.673,3.0,A0A0B4J1V0,A0A0B4J1V0;A0A0B4J1V1,2,False,168,0.5,0.5,27,0.46551724137931033,24.268451895217392,24.315740761805994,,,,,1.0,1.0241911624627569,0.5205627705627706,0.24472505238817835,0.27583771817459224,3.7130207182706325,9.363295880149813e-05,True,SAAP,1.0
3,.VF-33.984DEFKPLVEEPQNLIK.,.VFDEFKPLVEEPQNLIK.,sp|P02768-2|ALBU_HUMAN;sp|P02768-3|ALBU_HUMAN;sp|P02768|ALBU_HUMAN;tr|A0A087WWT3|A0A087WWT3_HUMAN;tr|A0A0C4DGB6|A0A0C4DGB6_HUMAN;tr|B7WNR0|B7WNR0_HUMAN;tr|C9JKR2|C9JKR2_HUMAN;tr|D6RHD5|D6RHD5_HUMAN;tr|H0YA55|H0YA55_HUMAN,"F-34,2[F->IL/1]",F-34[F->IL/1],1000.0,2.0,P02768,P02768;A0A087WWT3;A0A0C4DGB6;B7WNR0;C9JKR2;D6RHD5;H0YA55,7,False,256,0.7619047619047619,0.23809523809523808,42,0.7241379310344828,26.176926788190297,26.162762030315776,2.0,0.01862906762563795,0.01862906762563795,0.0,,,,,,,,,RF,2.0
4,.TLIYDTS+27.011NK.,.TLIYDTSNK.,sp|A0A075B6I9|LV746_HUMAN,"S+27,7[S->N/1]",S+27[S->N/1],1000.0,2.0,A0A075B6I9,A0A075B6I9,1,True,183,0.5446428571428571,0.45535714285714285,30,0.5172413793103449,24.513341595487592,24.66761090574778,,,,,2.0,1.023794808373379,0.5670995670995671,0.2913685959968206,0.2757309711027465,3.7130207182706325,9.363295880149813e-05,True,SAAP,2.0
5,.PLLEKSHC+132.058IAEVENDEM+15.995PADLPSLAADFVESK,,,,,,,,,0,False,0,0.0,1.0,0,0.0,,,3.0,0.01837968182500664,0.0,0.01837968182500664,,,,,,,,,RF,3.0
6,.P-10.021GQAPVLVVYDDSDRPSGIPER.,.PGQAPVLVVYDDSDRPSGIPER.,sp|P80748|LV302_HUMAN,"P-10,1[P->S/1]",P-10[P->S/1],34.215,3.0,P80748,P80748,1,True,216,0.6428571428571429,0.35714285714285715,33,0.5689655172413793,25.510439071874462,25.625994165892827,,,,,3.0,1.023720442140209,0.685064935064935,0.4080316496856709,0.27703328537926414,3.6952976272822786,0.000101698362656,True,SAAP,3.0
7,.L-14.016TFGGGTK,,,,,,,,,0,False,0,0.0,1.0,0,0.0,,,4.0,0.018287930800582868,0.0,0.018287930800582868,,,,,,,,,RF,4.0
8,.LVRPEVDVMC+57.021TAF-33.984HDNEETFLKK.,.LVRPEVDVMCTAFHDNEETFLKK.,sp|P02768-3|ALBU_HUMAN;sp|P02768|ALBU_HUMAN;tr|A0A087WWT3|A0A087WWT3_HUMAN;tr|A0A0C4DGB6|A0A0C4DGB6_HUMAN;tr|H7C013|H7C013_HUMAN,"F-34,13[F->IL/1]",F-34[F->IL/1],40.734,4.0,P02768,P02768;A0A087WWT3;A0A0C4DGB6;H7C013,4,False,149,0.44345238095238093,0.5565476190476191,24,0.41379310344827586,25.587045626446063,25.591776735721147,,,,,4.0,1.0079777248459914,0.45454545454545453,0.1915962135992485,0.26294924094620603,3.8333547616218553,4.67726847521e-05,True,SAAP,4.0
9,.AGVETTTPS-15.995K.,.AGVETTTPSK.,sp|P0DOY2|IGLC2_HUMAN;sp|P0DOY3|IGLC3_HUMAN,"S-16,9[Deoxy]",S-16[Deoxy],1000.0,2.0,P0DOY2,P0DOY2;P0DOY3,2,False,196,0.5833333333333334,0.4166666666666667,31,0.5344827586206896,24.519422709948834,24.496781252547457,5.0,0.017452378625873424,0.017452378625873424,0.0,,,,,,,,,RF,5.0
10,.LLI+17.956YDASNR.,.LLIYDASNR.,sp|A0A0A0MRZ8|KVD11_HUMAN;sp|P04433|KV311_HUMAN,"I+18,3[I->M/1]",I+18[I->M/1],1000.0,2.0,A0A0A0MRZ8,A0A0A0MRZ8;P04433,2,False,194,0.5773809523809523,0.4226190476190476,31,0.5344827586206896,25.05553473359862,24.98684189132714,,,,,5.0,1.0053235525814588,0.5995670995670995,0.32818483994508274,0.2713822596220168,3.704455678059726,9.74896417256e-05,True,SAAP,5.0
11,.VSN+0.984RDSGVPDR.,.VSNRDSGVPDR.,sp|P06310|KV230_HUMAN,"N+1,3[Deamidated]",N+1[Deamidated],17.704,2.0,P06310,P06310,1,True,200,0.5952380952380952,0.40476190476190477,30,0.5172413793103449,25.560963152731226,25.501849362300014,6.0,0.01719608186681278,0.01719608186681278,0.0,,,,,,,,,RF,6.0
12,.SGQAPVLVIYEDS+14.016K.,.SGQAPVLVIYEDSK.,sp|A0A075B6K4|LV310_HUMAN,"S+14,13[S->T/1]",S+14[S->T/1],21.827,2.0,A0A075B6K4,A0A075B6K4,1,True,143,0.4255952380952381,0.5744047619047619,22,0.3793103448275862,25.960922062102558,25.964898389459762,,,,,6.0,0.9979204036627172,0.45021645021645024,0.17589782498735457,0.27431862522909567,3.6378149782185205,0.000130242250586,True,SAAP,6.0
13,.L-14.016TFGGGTK.,.LTFGGGTK.,tr|A0A0A0MT69|A0A0A0MT69_HUMAN,"L-14,1[L->V/1]",L-14[L->V/1],1000.0,2.0,A0A0A0MT69,A0A0A0MT69,1,True,212,0.6309523809523809,0.36904761904761907,34,0.5862068965517241,24.744691478087773,24.668999704538727,7.0,0.016460805512524813,0.016460805512524813,0.0,,,,,,,,,RF,7.0
14,.DIQMTQSPS+10.021SLSASVGDR.,.DIQMTQSPSSLSASVGDR.,sp|A0A075B6S5|KV127_HUMAN;sp|P01593|KVD33_HUMAN;sp|P01594|KV102_HUMAN;sp|P01597|KV139_HUMAN;sp|P01599|KV117_HUMAN;sp|P01601|KVD16_HUMAN;sp|P04430|KV116_HUMAN;sp|P04432|KVD39_HUMAN;tr|A0A0G2JRQ6|A0A0G2JRQ6_HUMAN;tr|A0A2Q2TTZ9|A0A2Q2TTZ9_HUMAN,"S+10,9[S->P/1]",S+10[S->P/1],39.048,2.0,A0A075B6S5,A0A075B6S5;P01593;P01594;P01597;P01599;P01601;P04430;P04432;A0A0G2JRQ6;A0A2Q2TTZ9,10,False,166,0.49404761904761907,0.5059523809523809,28,0.4827586206896552,25.26570939802824,25.214526774584435,,,,,7.0,0.9934157918613733,0.5064935064935064,0.2389442878820724,0.26754921861143405,3.7130207182706325,9.363295880149813e-05,True,SAAP,7.0
15,.LLLQQVSLPE+37.956LPGEYSMK,,,,,,,,,0,False,0,0.0,1.0,0,0.0,,,8.0,0.01634042658290916,0.0,0.01634042658290916,,,,,,,,,RF,8.0
16,.LV+29.974ESGGGVVQPGR.,.LVESGGGVVQPGR.,sp|P01768|HV330_HUMAN;sp|P01772|HV333_HUMAN;sp|P0DP02|HVC33_HUMAN;sp|P0DP03|HV335_HUMAN,"V+30,2[V->E/1]",V+30[V->E/1],1000.0,2.0,P01768,P01768;P01772;P0DP02;P0DP03,4,False,151,0.4494047619047619,0.5505952380952381,24,0.41379310344827586,23.702397615356663,23.811683942814813,,,,,8.0,0.9922826116590764,0.45670995670995673,0.19696148565647806,0.25974847105347865,3.820167285815434,5.12978352314e-05,True,SAAP,8.0
17,.SC-33.988HTGLGR,,,,,,,,,0,False,0,0.0,1.0,0,0.0,,,9.0,0.015773013101312926,0.0,0.015773013101312926,,,,,,,,,RF,9.0
18,.EIVLT-30.011QSPGTLSLSPGER.,.EIVLTQSPGTLSLSPGER.,sp|P01619|KV301_HUMAN,"T-30,5[T->A/1]",T-30[T->A/1],24.807,2.0,P01619,P01619,1,True,185,0.5505952380952381,0.4494047619047619,32,0.5517241379310345,25.24126318675478,25.206816277723714,,,,,9.0,0.9863027221657267,0.5562770562770563,0.29817905918057663,0.2580979970964796,3.8214272612004687,5.08595259892e-05,True,SAAP,9.0
19,.SDVVYTDW+15.995KK.,.SDVVYTDWKK.,sp|P02763|A1AG1_HUMAN,"W+16,8[Oxidation]",W+16[Oxidation],1000.0,2.0,P02763,P02763,1,True,308,0.9166666666666666,0.08333333333333333,50,0.8620689655172413,27.522378307633602,26.78859455134179,10.0,0.015734421258988156,0.015734421258988156,0.0,,,,,,,,,RF,10.0
20,.LLI-14.016YGASTR.,.LLIYGASTR.,sp|A0A0C4DH55|KVD07_HUMAN;sp|P01624|KV315_HUMAN;tr|A0A075B6H7|A0A075B6H7_HUMAN;tr|A0A0C4DH90|A0A0C4DH90_HUMAN,"I-14,3[I->V/1]",I-14[I->V/1],1000.0,2.0,A0A0C4DH55,A0A0C4DH55;P01624;A0A075B6H7;A0A0C4DH90,4,False,166,0.49404761904761907,0.5059523809523809,29,0.5,26.318903087096075,26.159824263796082,,,,,10.0,0.9845723794093046,0.5054112554112554,0.238962352771154,0.26644890264010146,3.6951639494615924,0.000101760455887,True,SAAP,10.0
21,.AIQLTYNPD+37.956ESSKPNMIDAATLK.,.AIQLTYNPDESSKPNMIDAATLK.,sp|P02679-2|FIBG_HUMAN;sp|P02679|FIBG_HUMAN;tr|C9JC84|C9JC84_HUMAN;tr|C9JEU5|C9JEU5_HUMAN,"D+38,9[Cation:K]",D+38[Cation:K],46.169,3.0,P02679,P02679;C9JC84;C9JEU5,3,False,169,0.5029761904761905,0.49702380952380953,27,0.46551724137931033,25.4713089950504,25.56661744929289,11.0,0.015371496801421861,0.015371496801421861,0.0,,,,,,,,,RF,11.0
22,.K+28.006AVMDDFAAFVEK.,.KAVMDDFAAFVEK.,sp|P02768-2|ALBU_HUMAN;sp|P02768-3|ALBU_HUMAN;sp|P02768|ALBU_HUMAN;tr|A0A087WWT3|A0A087WWT3_HUMAN;tr|A0A0C4DGB6|A0A0C4DGB6_HUMAN;tr|B7WNR0|B7WNR0_HUMAN;tr|C9JKR2|C9JKR2_HUMAN;tr|D6RHD5|D6RHD5_HUMAN;tr|H0YA55|H0YA55_HUMAN,"K+28,1[K->R/1]",K+28[K->R/1],1000.0,3.0,P02768,P02768;A0A087WWT3;A0A0C4DGB6;B7WNR0;C9JKR2;D6RHD5;H0YA55,7,False,196,0.5833333333333334,0.4166666666666667,32,0.5517241379310345,24.590136713054058,24.57706027022768,,,,,11.0,0.9836848799462665,0.6028138528138528,0.33515788713057304,0.26765596568327976,3.6751838407004596,0.000111259457054,True,SAAP,11.0
23,.-17.027QSVLTQPPSVSAAPGQR,,,,,,,,,0,False,0,0.0,1.0,0,0.0,,,12.0,0.014357336432468499,0.0,0.014357336432468499,,,,,,,,,RF,12.0
24,.EVQLVQSGAEV+31.972K.,.EVQLVQSGAEVK.,sp|A0A0C4DH38|HV551_HUMAN;sp|A0A0G2JMI3|HV692_HUMAN;sp|A0A0J9YXX1|HV5X1_HUMAN,"V+32,11[V->M/1]",V+32[V->M/1],1000.0,2.0,A0A0C4DH38,A0A0C4DH38;A0A0G2JMI3;A0A0J9YXX1,3,False,208,0.6190476190476191,0.38095238095238093,33,0.5689655172413793,26.024262286094807,25.970278343436462,,,,,12.0,0.9820553917365121,0.6352813852813853,0.3782968422573885,0.2569845430239968,3.8214570424370207,5.08491813282e-05,True,SAAP,12.0
25,.LRTEGD-18.011GVYTLNDKK,,,,,,,,,0,False,0,0.0,1.0,0,0.0,,,13.0,0.014340678621351823,0.0,0.014340678621351823,,,,,,,,,RF,13.0
26,.LVRPEVDVMC+57.021TAF-33.984HDNEETFLK.,.LVRPEVDVMCTAFHDNEETFLK.,sp|P02768-3|ALBU_HUMAN;sp|P02768|ALBU_HUMAN;tr|A0A087WWT3|A0A087WWT3_HUMAN;tr|A0A0C4DGB6|A0A0C4DGB6_HUMAN;tr|H7C013|H7C013_HUMAN,"F-34,13[F->IL/1]",F-34[F->IL/1],33.643,3.0,P02768,P02768;A0A087WWT3;A0A0C4DGB6;H7C013,4,False,216,0.6428571428571429,0.35714285714285715,34,0.5862068965517241,25.88370310435419,25.895659076199355,,,,,13.0,0.9565193269364326,0.658008658008658,0.40848327191271044,0.2495253860959476,3.8333547616218553,4.67726847521e-05,True,SAAP,13.0
27,.AIQLTYNPD+37.956ESSKPNMIDAATLK,,,,,,,,,0,False,0,0.0,1.0,0,0.0,,,14.0,0.01400431975308426,0.0,0.01400431975308426,,,,,,,,,RF,14.0
28,.RPC+57.021FSA+30.011LEVDETYVPK.,.RPCFSALEVDETYVPK.,sp|P02768-2|ALBU_HUMAN;sp|P02768-3|ALBU_HUMAN;sp|P02768|ALBU_HUMAN;tr|A0A087WWT3|A0A087WWT3_HUMAN;tr|A0A0C4DGB6|A0A0C4DGB6_HUMAN;tr|B7WNR0|B7WNR0_HUMAN;tr|C9JKR2|C9JKR2_HUMAN;tr|D6RHD5|D6RHD5_HUMAN;tr|H0YA55|H0YA55_HUMAN,"A+30,6[A->T/1]",A+30[A->T/1],25.254,2.0,P02768,P02768;A0A087WWT3;A0A0C4DGB6;B7WNR0;C9JKR2;D6RHD5;H0YA55,7,False,216,0.6428571428571429,0.35714285714285715,36,0.6206896551724138,25.454004857732322,25.470368920557135,,,,,14.0,0.9555954065906663,0.6558441558441559,0.40851940169087364,0.24732475415328226,3.863727308098022,3.68587887149e-05,True,SAAP,14.0
29,.D-0.984DNPNLPR.,.DDNPNLPR.,sp|P02768-3|ALBU_HUMAN;sp|P02768|ALBU_HUMAN;tr|A0A087WWT3|A0A087WWT3_HUMAN;tr|A0A0C4DGB6|A0A0C4DGB6_HUMAN;tr|H7C013|H7C013_HUMAN,"D-1,1[D->N/1]",D-1[D->N/1],10.408,2.0,P02768,P02768;A0A087WWT3;A0A0C4DGB6;H7C013,4,False,182,0.5416666666666666,0.4583333333333333,28,0.4827586206896552,24.943656304021953,24.78664552999081,15.0,0.01366547581136891,0.01366547581136891,0.0,,,,,,,,,RF,15.0
30,.DS+14.016NRPSGIPER.,.DSNRPSGIPER.,sp|A0A075B6K2|LV312_HUMAN;sp|A0A075B6K5|LV39_HUMAN,"S+14,2[S->T/1]",S+14[S->T/1],1000.0,3.0,A0A075B6K2,A0A075B6K2;A0A075B6K5,2,False,211,0.6279761904761905,0.37202380952380953,36,0.6206896551724138,25.37343378671229,25.460964240207694,,,,,15.0,0.9555864674904755,0.6396103896103896,0.3895512681552135,0.2500591214551761,3.8214421530780567,5.08543531326e-05,True,SAAP,15.0
31,.VSN+0.984RDSGVPDR,,,,,,,,,0,False,0,0.0,1.0,0,0.0,,,16.0,0.013140054907373506,0.0,0.013140054907373506,,,,,,,,,RF,16.0
32,.ASGVPDRFSGSGSG+58.005TDFTLK.,.ASGVPDRFSGSGSGTDFTLK.,sp|A0A075B6P5|KV228_HUMAN;sp|A0A087WW87|KV240_HUMAN;sp|P01614|KVD40_HUMAN;sp|P01615|KV202_HUMAN;tr|A0A087X0Q4|A0A087X0Q4_HUMAN,"G+58,14[G->D/1]",G+58[G->D/1],1000.0,2.0,A0A075B6P5,A0A075B6P5;A0A087WW87;P01614;P01615;A0A087X0Q4,5,False,125,0.37202380952380953,0.6279761904761905,19,0.3275862068965517,25.617950034236816,25.693450676909457,,,,,16.0,0.9550304227439359,0.3906926406926407,0.1334814654238023,0.2572111752688384,3.7130207182706325,9.363295880149813e-05,True,SAAP,16.0
33,.FTISRDD+14.016SK,,,,,,,,,0,False,0,0.0,1.0,0,0.0,,,17.0,0.012812689655544425,0.0,0.012812689655544425,,,,,,,,,RF,17.0
34,.EFNAETFTF-33.984HADIC+57.021TLSEK.,.EFNAETFTFHADICTLSEK.,sp|P02768-2|ALBU_HUMAN;sp|P02768-3|ALBU_HUMAN;sp|P02768|ALBU_HUMAN;tr|A0A087WWT3|A0A087WWT3_HUMAN;tr|A0A0C4DGB6|A0A0C4DGB6_HUMAN;tr|B7WNR0|B7WNR0_HUMAN;tr|C9JKR2|C9JKR2_HUMAN;tr|D6RHD5|D6RHD5_HUMAN;tr|H0YA55|H0YA55_HUMAN,"F-34,9[F->IL/1]",F-34[F->IL/1],39.941,3.0,P02768,P02768;A0A087WWT3;A0A0C4DGB6;B7WNR0;C9JKR2;D6RHD5;H0YA55,7,False,233,0.6934523809523809,0.30654761904761907,38,0.6551724137931034,26.57224010415992,26.582951987780685,,,,,17.0,0.9543285363232045,0.7251082251082251,0.476154346412313,0.24895387869591212,3.8333547616218553,4.67726847521e-05,True,SAAP,17.0
35,.TH+57.021LPEVFLSK,,,,,,,,,0,False,0,0.0,1.0,0,0.0,,,18.0,0.012758662757893195,0.0,0.012758662757893195,,,,,,,,,RF,18.0
36,.L-14.016LIYWASTR.,.LLIYWASTR.,sp|P06312|KV401_HUMAN,"L-14,1[L->V/1]",L-14[L->V/1],1000.0,2.0,P06312,P06312,1,True,176,0.5238095238095238,0.47619047619047616,28,0.4827586206896552,23.875562644722766,23.836221998915605,,,,,18.0,0.9527322882097652,0.54004329004329,0.2691849122046391,0.2708583778386509,3.5174554902536683,0.000203769740194,True,SAAP,18.0
37,.LRTEGDGVYTLNNEK+57.021QWINK.,.LRTEGDGVYTLNNEKQWINK.,sp|P00738-2|HPT_HUMAN;sp|P00738|HPT_HUMAN;tr|H3BMJ7|H3BMJ7_HUMAN;tr|H3BS21|H3BS21_HUMAN;tr|J3KRH2|J3KRH2_HUMAN;tr|J3KSV1|J3KSV1_HUMAN;tr|J3QLC9|J3QLC9_HUMAN;tr|J3QQI8|J3QQI8_HUMAN,"K+57,15[Carbamidomethyl]",K+57[Carbamidomethyl],0.0,3.0,P00738,P00738;H3BMJ7;H3BS21;J3KRH2;J3KSV1;J3QLC9;J3QQI8,7,False,205,0.6101190476190477,0.3898809523809524,36,0.6206896551724138,27.735134666421946,27.535146709946808,19.0,0.012689873430853971,0.012689873430853971,0.0,,,,,,,,,RF,19.0
38,.LE-0.984TGVPSR.,.LETGVPSR.,sp|P01593|KVD33_HUMAN;sp|P01594|KV102_HUMAN;tr|A0A2Q2TTZ9|A0A2Q2TTZ9_HUMAN,"E-1,2[E->Q/1]",E-1[E->Q/1],1000.0,2.0,P01593,P01593;P01594;A0A2Q2TTZ9,3,False,116,0.34523809523809523,0.6547619047619048,18,0.3103448275862069,26.435210570138437,26.558904287256826,,,,,19.0,0.9469661837957926,0.3658008658008658,0.11438687766457115,0.2514139881362947,3.7665612435312483,7.117437722419929e-05,True,SAAP,19.0
39,.VDNALQSGNSQESVTEQDS+14.016K.,.VDNALQSGNSQESVTEQDSK.,sp|P01834|IGKC_HUMAN,"S+14,19[S->T/1]",S+14[S->T/1],1000.0,2.0,P01834,P01834,1,True,213,0.6339285714285714,0.36607142857142855,35,0.603448275862069,24.14507138930809,24.24103806420405,20.0,0.011583233304109328,0.011583233304109328,0.0,,,,,,,,,RF,20.0
40,.VSWYQQP-10.021PGTAPK.,.VSWYQQPPGTAPK.,sp|A0A075B6J9|LV218_HUMAN,"P-10,7[P->S/1]",P-10[P->S/1],1000.0,2.0,A0A075B6J9,A0A075B6J9,1,True,132,0.39285714285714285,0.6071428571428571,22,0.3793103448275862,24.67502802160024,24.675998580235234,,,,,20.0,0.9465607438409072,0.39826839826839827,0.14954115181732786,0.24872724645107042,3.8056174277115815,5.64525234278e-05,True,SAAP,20.0
41,.AGVE-0.984TTTPSK.,.AGVETTTPSK.,sp|P0DOY2|IGLC2_HUMAN;sp|P0DOY3|IGLC3_HUMAN,"E-1,4[E->Q/1]",E-1[E->Q/1],1000.0,2.0,P0DOY2,P0DOY2;P0DOY3,2,False,169,0.5029761904761905,0.49702380952380953,27,0.46551724137931033,23.41938069737772,23.505614123455242,21.0,0.011096972191182575,0.011096972191182575,0.0,,,,,,,,,RF,21.0
42,.LVNEV-28.031TEFAK.,.LVNEVTEFAK.,sp|P02768-3|ALBU_HUMAN;sp|P02768|ALBU_HUMAN;tr|A0A087WWT3|A0A087WWT3_HUMAN;tr|A0A0C4DGB6|A0A0C4DGB6_HUMAN;tr|H7C013|H7C013_HUMAN,"V-28,5[V->A/1]",V-28[V->A/1],1000.0,2.0,P02768,P02768;A0A087WWT3;A0A0C4DGB6;H7C013,4,False,110,0.3273809523809524,0.6726190476190477,17,0.29310344827586204,24.222433156065318,24.195039684319646,,,,,21.0,0.9446035526205326,0.34523809523809523,0.10253631042705398,0.24270178481104127,3.892033811601206,2.82230751863e-05,True,SAAP,21.0
43,.AGVETT-14.016TPSK.,.AGVETTTPSK.,sp|P0DOY2|IGLC2_HUMAN;sp|P0DOY3|IGLC3_HUMAN,"T-14,6[T->S/1]",T-14[T->S/1],1000.0,2.0,P0DOY2,P0DOY2;P0DOY3,2,False,318,0.9464285714285714,0.05357142857142857,52,0.896551724137931,27.50937173575928,27.499603748318062,22.0,0.010943869736003402,0.010943869736003402,0.0,,,,,,,,,RF,22.0
44,.YVL-14.016TQPPSVSVAPGQTAR.,.YVLTQPPSVSVAPGQTAR.,sp|P80748|LV302_HUMAN,"L-14,3[L->V/1]",L-14[L->V/1],1000.0,2.0,P80748,P80748,1,True,165,0.49107142857142855,0.5089285714285714,28,0.4827586206896552,24.692082283969267,24.723063428217912,,,,,22.0,0.9426469969542103,0.4902597402597403,0.23623455451983524,0.25402518573990507,3.7108406956126827,9.46073793756e-05,True,SAAP,22.0
45,.STSESTAALGC+57.021LVKDYFPEPVTVSW+15.995NSG,,,,,,,,,0,False,0,0.0,1.0,0,0.0,,,23.0,0.010814082383107623,0.0,0.010814082383107623,,,,,,,,,RF,23.0
46,.SKT-30.011DGGTTDYAAPVK.,.SKTDGGTTDYAAPVK.,sp|A0A0B4J1V0|HV315_HUMAN,"T-30,3[T->A/1]",T-30[T->A/1],1000.0,2.0,A0A0B4J1V0,A0A0B4J1V0,1,True,167,0.49702380952380953,0.5029761904761905,28,0.4827586206896552,23.74427214588446,23.71045678075825,,,,,23.0,0.9414263308454434,0.49567099567099565,0.24212370836043068,0.253547287310565,3.7130207182706285,9.36329588015e-05,True,SAAP,23.0
47,.SSQSLLHSD-0.984GK.,.SSQSLLHSDGK.,sp|A0A075B6S2|KVD29_HUMAN;sp|A2NJV5|KV229_HUMAN,"D-1,9[D->N/1]",D-1[D->N/1],3.534,2.0,A0A075B6S2,A0A075B6S2;A2NJV5,2,False,235,0.6994047619047619,0.3005952380952381,42,0.7241379310344828,22.532165413996527,22.929337131619064,24.0,0.010635530647731506,0.010635530647731506,0.0,,,,,,,,,RF,24.0
48,.LLIY-76.031DASNLETGVPSR.,.LLIYDASNLETGVPSR.,sp|P01593|KVD33_HUMAN;sp|P01594|KV102_HUMAN;tr|A0A2Q2TTZ9|A0A2Q2TTZ9_HUMAN,"Y-76,4[Y->S/1]",Y-76[Y->S/1],19.569,2.0,P01593,P01593;P01594;A0A2Q2TTZ9,3,False,168,0.5,0.5,28,0.4827586206896552,24.95627466774223,24.944909722768358,,,,,24.0,0.9393067819242201,0.5021645021645021,0.2450321555025652,0.25713234666193696,3.7130207182706325,9.363295880149813e-05,True,SAAP,24.0
49,.YSQK-14.052FQGR.,.YSQKFQGR.,sp|A0A0C4DH29|HV103_HUMAN,"K-14,4[K->N/1]",K-14[K->N/1],0.0,2.0,A0A0C4DH29,A0A0C4DH29,1,True,273,0.8125,0.1875,43,0.7413793103448276,24.83377241956292,24.789222849953433,25.0,0.010594198358862094,0.010594198358862094,0.0,,,,,,,,,RF,25.0
50,.LLIYGA+28.031SSR.,.LLIYGASSR.,sp|P01619|KV301_HUMAN,"A+28,6[A->V/1]",A+28[A->V/1],1000.0,2.0,P01619,P01619,1,True,163,0.4851190476190476,0.5148809523809523,27,0.46551724137931033,26.123867953591244,26.048892535523382,,,,,25.0,0.9382535793482731,0.49567099567099565,0.23023701134475033,0.2654339843262453,3.534790700331214,0.000191883334932,True,SAAP,25.0
